pickup_latitude,pickup_longitude,cluster
40.72047015415972,-74.02307320189729,0
40.74919202667747,-73.9857301141508,1
40.648292373561276,-73.78238234130092,2
40.76935448876038,-73.87250404561904,3
40.79024333586137,-73.96842586904239,4
40.76983302974993,-73.95761303553479,5
